aplicativo,comentario,nota,data
iFood,depois que inventaram ifood nem vou pra restaurantes mais,5,2026-06-23 16:32:49
iFood,ifood e vida amo muito,5,2026-06-23 16:29:47
iFood,Não está existindo a devolução do dinheiro quando se compra um item que está em falta. Esse é um erro do ifood e um desrespeito para com o consumidor.,2,2026-06-23 16:23:39
iFood,O suporte deixou a desejar em vários momentos.,3,2026-06-23 16:15:21
iFood,muito prático e resolve a necessidade recomendo,5,2026-06-23 16:06:43
iFood,muito bom,5,2026-06-23 15:59:13
iFood,"tento cadastrar o meu cartão Swile vai voucher, fala q tem dados errados e sabendo q os dados estão corretos",1,2026-06-23 15:53:41
iFood,muito bom quando achamos coisas baratas para almoço todos os dias,5,2026-06-23 15:47:31
iFood,aplicativo muito bom,5,2026-06-23 15:40:22
iFood,"App funcionando bem e mesmo tendo centenas de opções e telas, é bem intuitivo e fácil de usar para mim.",5,2026-06-23 15:30:43
iFood,"sempre bem atendida, entrega rápida",5,2026-06-23 15:23:51
iFood,Cada dia mais difícil usar o app de tanta pop up e poluição visual que aparece.,1,2026-06-23 15:21:16
iFood,praticidade,5,2026-06-23 15:11:25
iFood,"tem algumas ofertas enganosas. 5,00 reais o lanche, daí vc olha o valor da entrega 15,00. 🤣🤣🧐",3,2026-06-23 15:09:28
iFood,excelente atendimento,5,2026-06-23 15:06:33
iFood,"deus me livre ja desinstalei, cancelei o pedido e nao tive reembolso sendo que o pedido era ate uma pacote de pipoca do mercado, mo roubo eu vou voltar para o delivery much q e melhor",1,2026-06-23 14:59:39
iFood,Ótimas promoções,5,2026-06-23 14:50:31
iFood,"Antes tinha dificuldade, agora nao mais.",5,2026-06-23 14:37:16
iFood,boa,5,2026-06-23 14:31:02
iFood,ok,4,2026-06-23 14:25:38
iFood,"muito fácil e prático de fazer os pedidos, so gostaria que na minha região tivesse mais entregas com rastreamento, até porque e bom saber onde está meu pedido.",4,2026-06-23 14:22:09
iFood,"BOM E Prático , FAÇO PEDIDOS E SOU BEM ATENDIDO",5,2026-06-23 14:21:37
iFood,"fácil, prático e contém muitas promoções muito boa",5,2026-06-23 14:14:51
iFood,otimo,5,2026-06-23 14:11:54
iFood,"Estou com raiva,descontaram do meu cartão 5,95 do clube ifood sem minha permissão, eu não uso o clube e simplesmente foi descontado sem me informarem se isso que eu queria,quero reembolso,quero meu dinheiro de volta",1,2026-06-23 13:56:23
iFood,"Comprei uma pelúcia, um canarinho do iFood achei que seria entregue no mesmo dia tentei cancelar no mesmo dia, mas não consegui esperei o tempo da entrega que já passou e não foi entregue para minha casa, quero o meu dinheiro de volta até agora tive nenhuma resposta ou solução pro meu problema",2,2026-06-23 13:44:04
iFood,"Valores falsos, um lanche no Biggs, frango duplo nao é 31 reais igual tá falando na promoção, de 31 reais por 17 reais, isso é enganação.",1,2026-06-23 13:16:10
iFood,muito bom e barato,5,2026-06-23 13:11:20
iFood,melhor não pode existir parabéns pelo atendimento Lúcio Emmanoel Guedes obrigado,5,2026-06-23 13:03:59
iFood,boas opções e bons preços,5,2026-06-23 12:43:12
iFood,"demitam o programador novo e burro que utiliza IA para programar e voltem com. a equipe que não é burra e sabe trabalhar. não bastasse todo click gerar 30 pop up's invasivas e irritantes, agora você paga e o pedido fica travado, isso quando não cancela mesmo você pagando. burros tem que puxar caroça e não programar.",1,2026-06-23 11:00:01
iFood,É muito bom esse app. rapidez e eficiência nas entregas.,5,2026-06-23 10:15:07
iFood,Com justificativas frágeis a empresa não resolve suas pendências com clientes.,1,2026-06-23 06:27:27
iFood,ótimo,5,2026-06-23 05:35:25
iFood,excelente app 10/10,5,2026-06-23 04:35:49
iFood,muito bom,5,2026-06-23 04:31:02
iFood,top,5,2026-06-23 03:54:41
iFood,pior app como a pessoa tem um app desse horrível,1,2026-06-23 03:51:32
iFood,muito útil 👍🏻,5,2026-06-23 03:27:31
iFood,este app não está funcionando normal previsto,5,2026-06-23 03:25:56
iFood,"clube ifood é a maior farsa, os valores sao os mesmos, mas quando vc paga pelo clube todos os valores aumentam, entao vc ganha um ""desconto"" falso.",1,2026-06-23 03:13:32
iFood,"muito bom,as vezes tenho umas revoltas mais tá valendo",5,2026-06-23 03:10:51
iFood,trabalho yothb,5,2026-06-23 02:57:41
iFood,eh bom dmsssss,5,2026-06-23 02:23:33
iFood,ótimo 👍,5,2026-06-23 02:17:24
iFood,ótimo😍,5,2026-06-23 01:52:54
iFood,É um ótimo app de boa qualidade 😁 sempre os melhores lanches e preços vou continuar comprando,5,2026-06-23 01:42:37
iFood,"O app é ótimo, sempre tem promoção. Gosto bastante",5,2026-06-23 01:42:07
iFood,"um bom app, mas erra muito no design, os pedidos que estou pesquisando pra comprar deveria alterar e deixar parecido com a 99 os lanches aparece como opção e não tendo que entrar na loja,",3,2026-06-23 01:41:33
iFood,"meu que atualização horrível e música insuportável no app. Estou ouvindo música no carro enquanto volto pra casa e minha namorada faz o pedido no ifood, nao consigo nem ouvir a música nem o waze com essa música insuportável",1,2026-06-23 01:40:43
iFood,ótimo aplicativo,5,2026-06-23 01:39:03
iFood,🥰,5,2026-06-23 01:32:19
iFood,top,5,2026-06-23 01:28:49
iFood,amo esse app ainda mais as promo que da,5,2026-06-23 01:27:29
iFood,o aplicativo é muito bom,5,2026-06-23 01:23:26
iFood,"adoro,quando quero comer algo de diferente sem gastar muito sempre escolho ifood",5,2026-06-23 01:22:30
iFood,app show de bola,5,2026-06-23 01:09:26
iFood,facilita muito a vida,5,2026-06-23 00:58:01
iFood,"Clube Ifood é uma farsa. Promoções fake. Tudo caro nesse aplicativo. Eles bloqueiam uso de cupom em ""promoções"" dele para enganar o consumidor. Péssimo, não recomendo.",1,2026-06-23 00:54:16
iFood,top😍,5,2026-06-23 00:51:39
iFood,Melhor app de delivery,5,2026-06-23 00:45:11
iFood,muito bom,5,2026-06-23 00:39:43
iFood,ótimo,5,2026-06-23 00:39:18
iFood,muito bom,5,2026-06-23 00:38:08
iFood,"super bom, recomendo, e e bom pra não pode sair de casa também é ir ora lugar LONGE comprar, e bom também que muito barato cheio de ofertas. super ipês mega recomendo.",5,2026-06-23 00:27:17
iFood,"Fico feliz que tenha aparecido novos apps para acabar com o monopolio do ifood. Tento cancelar o clube ifood e eles contratam novamente sem minha autorização. O app é todo bugado vive dando erros como ""não foi possível visualizar o estado do seu pedido"" páginas com carregamento infinito dentre vários outros problemas. As promoções e cupons são fracos. Esse tipo de problema milagrosamente eu não tenho com outros apps de delivery, então raramente peço no ifood hoje em dia.",1,2026-06-23 00:24:43
iFood,top,5,2026-06-23 00:24:39
iFood,praticidade para o dia a dia app atende bem ao cliente.,5,2026-06-23 00:23:15
iFood,"Aplicativo com atrasos recorrentes na entrega mesmo com clube, aliás atraso de mais de 3h queixa de entrega comida fria sem ressarcimento, péssimo atendimento SAC, poucas promoções e ativações não recomendo. na dúvida baixa o 99 food inclusive avisa quando chega entrega.",1,2026-06-23 00:22:41
iFood,"merece cinco estrelas, ótimo rápido",5,2026-06-23 00:18:43
iFood,ótimo atendimento!.,5,2026-06-23 00:16:26
iFood,"sempre que tenho algum tipo de problema referente a pedido, o aplicativo se prontifica a resolver da melhor forma possível de uma maneira rápida",5,2026-06-23 00:11:14
iFood,muito bom os descontos,5,2026-06-23 00:07:27
iFood,"Top, principalmente nas promoções",5,2026-06-23 00:01:12
iFood,amo as ofertas,5,2026-06-23 00:00:39
iFood,"Promoções todos os dias, muito bom o ifood",5,2026-06-22 23:52:24
iFood,muito bom,5,2026-06-22 23:50:21
iFood,ótimo,5,2026-06-22 23:49:52
iFood,APP DE BOM USO!,5,2026-06-22 23:48:40
iFood,Geralmente satisfatório.,4,2026-06-22 23:47:08
iFood,ótimo como sempre,5,2026-06-22 23:44:25
iFood,boas promoções,5,2026-06-22 23:42:14
iFood,ótimo atendimento,5,2026-06-22 23:41:27
iFood,"app cria expectativas falsas, promoções que se vc entrar muito no app, as promoções somem pq acham que vc vai gastar dinheiro, push de cupom falsos, pedidos mínimos, facilidade dos entregadores darem golpe (eles vêem o número de telefone e usam o final como o código e pegam o produto para eles) e ainda tem punições brandas. pouco monitoramento do app em cima das lojas. tem lojas com avaliações horríveis sobre limpeza e tals e o app não faz nada, além disso, o app recomenda",1,2026-06-22 23:30:42
iFood,muinto bom as promoçao que aparece,4,2026-06-22 23:30:07
iFood,o melhor,5,2026-06-22 23:17:23
iFood,Muito bom,5,2026-06-22 23:14:25
iFood,Gosto desse app! Atende minhas expectativas!.,5,2026-06-22 23:11:07
iFood,adorei o aplicativo,5,2026-06-22 23:10:10
iFood,app top cheio de promoções e novidades,5,2026-06-22 23:02:40
iFood,muito bom!,5,2026-06-22 23:01:26
iFood,aqui a fome não tem chance,5,2026-06-22 23:00:05
iFood,ótimo fácil prático excelente,5,2026-06-22 22:59:36
iFood,E otimo.,4,2026-06-22 22:53:09
iFood,o melhor app do mundo,5,2026-06-22 22:49:32
iFood,excelente. entrega dentro do prazo,5,2026-06-22 22:46:45
iFood,"Ifood só engana! Se tem cupom no clube, não consegue usar pq lojas tem pratos promocionais. aparece popup de promoção, entra pra ver, nao tem mais. Não consegue comprar dois pratos promocionais na mesma loja. Tá muito chato e ruim usar o ifood! A gente vai escolher a janta e fica nervoso e com raiva e desiste.",1,2026-06-22 22:41:37
iFood,tem dias que estou com uma fome ai abro e tem promoção incrível amo esse aplicativo,5,2026-06-22 22:33:39
iFood,"top o atendimento, muito simples, fácil msm quem não tem tanta pratica com compras on line.",5,2026-06-22 22:20:37
iFood,bom dia meu amor tudo bem,5,2026-06-22 22:12:22
iFood,ache o app ótimo não tenho o que reclamar acho super prático,5,2026-06-22 22:08:40
iFood,Adoro a facilidade e as opções de qualidade que a rede proporciona me oferecendo o melhor da rede alimentícia,5,2026-06-22 22:05:15
iFood,oo aplicativo ruim não dá para mudar o endereço,1,2026-06-22 22:04:12
iFood,"Sempre encontro bons restaurantes, e o melhor preço justo!",5,2026-06-22 21:51:57
iFood,aplicativo muito bom,5,2026-06-22 21:48:51
iFood,e muito bom,5,2026-06-22 21:42:27
iFood,Me salva sempre que eu tô com fominha de comidinhas gostosas. Amoo,5,2026-06-22 21:31:06
iFood,"excelente, não tenho nenhuma queixa",5,2026-06-22 21:17:33
iFood,"Decepcionada... entregas erradas, atrasos...",1,2026-06-22 21:13:33
iFood,"Fazendo entregador de burro de carga. Pet Shop, depósito de bebidas mercados. Tem que ser muito otário para aceitar.",1,2026-06-22 21:06:23
iFood,"muito bom amo as entregas,e nunca veio errado amo muitooooooo hahaha",5,2026-06-22 20:59:04
iFood,show,5,2026-06-22 20:40:37
iFood,bom demais,4,2026-06-22 20:29:44
iFood,muito caro,1,2026-06-22 20:24:07
iFood,ótimo 😊,4,2026-06-22 20:18:35
iFood,top sem reclamações por enquanto,5,2026-06-22 20:03:42
iFood,otimo,5,2026-06-22 19:48:01
iFood,Ótimos cupons!!,5,2026-06-22 19:43:17
iFood,ótimo,5,2026-06-22 19:37:31
iFood,"excelente app, ótimas lojas e restaurantes",5,2026-06-22 19:20:23
iFood,muito bom✌🏼😎,5,2026-06-22 19:19:27
iFood,gostaria de saber o porquê quando fas o pedido. na hora de revisar não aparece o QR code para pagamento?? já foi melhor.,1,2026-06-22 19:17:50
iFood,perfeito,5,2026-06-22 19:17:39
iFood,Muito prático e rápido!!👏🏽,5,2026-06-22 19:00:00
iFood,excelente,5,2026-06-22 18:44:33
iFood,excelente 👏🏻👏🏻...,5,2026-06-22 18:41:42
iFood,tem várias promoções,5,2026-06-22 18:38:52
iFood,amo demais 💗,5,2026-06-22 18:37:00
iFood,muito bom muita promoção comida gostosa,5,2026-06-22 18:15:44
iFood,O app me cobrou e em momento algum foi informado da adesão do clube Ifood.,1,2026-06-22 18:13:04
iFood,aplicativo sensacional muito bom peço sempre,5,2026-06-22 18:09:01
iFood,Bom,5,2026-06-22 18:01:20
iFood,muito bom...,5,2026-06-22 17:54:19
iFood,Eu acho que pelo ifood demora muito para enviar as coisas. Não tem como rastrear o pedido isso aí é um erro,1,2026-06-22 17:28:14
iFood,gosto muito do app td bem explicado,5,2026-06-22 17:26:16
iFood,Gosto muito da praticidade,5,2026-06-22 17:18:03
iFood,"muito fácil de usar, e tem muitas promoções boas",5,2026-06-22 17:13:19
iFood,muito bom,5,2026-06-22 17:04:40
iFood,Bom e eficiente,4,2026-06-22 16:57:01
iFood,dahora,5,2026-06-22 16:51:18
iFood,bom,5,2026-06-22 16:49:11
iFood,"muito bom, prático e um ótimo aplicativo",5,2026-06-22 16:46:19
iFood,otimo,5,2026-06-22 16:38:25
iFood,muito boa,5,2026-06-22 16:33:16
iFood,promoções interessantes,5,2026-06-22 16:27:56
iFood,"muito bom, indico, suporte sempre resolve caso haja problemas com o pedido!",5,2026-06-22 16:24:58
iFood,"uma decepção, descontos totalmente fantasmas. você tem acesso ao clube e não pode utilizar nenhum desconto de lá pq tudo agora tem um valor mínimo. tristeza hein. partiu 99food",1,2026-06-22 16:18:34
iFood,pedido não chega e não tem como avaliar a loja.,2,2026-06-22 16:13:52
iFood,"violador do artigo 20 e 51 do CDC. outros q ele tbm gosta de violar :4 ,14 ,31",1,2026-06-22 16:01:52
iFood,excelente,5,2026-06-22 15:53:46
iFood,meu bom,5,2026-06-22 15:38:20
iFood,"App é muito bom, principalmente na questão de cupons e ofertas. Só acho que poderia ter uma espécie de filtro para escolher os itens/estabelecimentos mais relevantes ou itens pelo menos preço, por exemplo.",4,2026-06-22 15:34:24
iFood,"É de fato um app de delivery, emocionante e atrativo acho que não existe outro melhor. Tem sempre um cuponzinho de desconto que deixa o pagamento mais agradável para o consumidor.",5,2026-06-22 15:30:23
iFood,"Dois dias úteis só de Splash Screen, o app demora para ficar mostrando animaçãozinha ridícula e trava. Não consigo abrir o app",3,2026-06-22 15:23:26
iFood,ótima!,5,2026-06-22 15:20:31
iFood,"Não sei se tem a opção bloquear loja, pois muitos vendedores mandam coisas horrorosas para o cliente, não aceitam críticas, ainda faltam com respeito e ficam com desaforo com o cliente, mais pouco adianta, pois sempre tem nomes fantasias para continuar com seus serviços péssimos, a falência que chegue sem demora a esses lixos .",3,2026-06-22 15:18:25
iFood,"muito bom,as vezes a comidas são caras e tem propagandas enganosas mais é bom 👍🏼",5,2026-06-22 15:15:50
iFood,"muito saborosa , lembra minha infância",5,2026-06-22 15:14:01
iFood,"Péssimo aplicativo, se você recebe um pedido com problemas já era seu dinheiro, você nunca consegue resolver , aplicativo sem suporte nenhum . Sem falar que oferecem esse tal de clube de cupons você compra e na hora de usar nenhuma loja aceita , isso é um roubo sem mão aramada na cara dura , péssimo não percam o tempo nem o dinheiro de vocês também !",1,2026-06-22 15:13:30
iFood,otimo,5,2026-06-22 15:10:03
iFood,SEMPRE ME SALVANDO,5,2026-06-22 15:07:37
iFood,aplicativo muito bom,5,2026-06-22 15:05:47
iFood,o app é muito bom,5,2026-06-22 15:05:06
iFood,"Esse tal de cupons de desconto; essa promoção não está disponível, ou essa promoção não se aplica a essa compra. Cupons de entrega grátis não se aplica a essa compra. E vc já assina o pacote e aparece cupons pra vc comprar, Sendo q vc já assina?",1,2026-06-22 15:04:00
iFood,show!,5,2026-06-22 14:59:54
iFood,"HORRÍVEL ! Nada funciona nesse app , várias compras que fiz em mercado que eles cancelam ou atrasam horas , e é impossível entrar em contato com o atendimento , tô fora , prefiro a 99 !",1,2026-06-22 14:54:31
iFood,tem vários cupons de promoção e várias opções de compras facilitando a vida da gente. sem precisar sair de casa recebo minhas compras.,5,2026-06-22 14:07:45
iFood,"Bom, sempre que preciso .🖒🖒",5,2026-06-22 13:53:54
iFood,Não aparece o ícone prancheta nos mercados mesmo com uma lista salva.,1,2026-06-22 13:53:50
iFood,amei o app 😍😍😍,5,2026-06-22 13:42:36
iFood,"muito bom, parabéns.",5,2026-06-22 12:40:53
iFood,"péssima experiência recentemente, fiz um pedido e chegou faltando alguns produtos, entrei em contato com o ifood e não fizeram a devolução do valor pago, resumindo: dinheiro jogado fora com uma plataforma que não ta nem ai para os consumidores",1,2026-06-22 12:19:15
iFood,"coloquem a opção de transferir pro banco de origem, por que pagamos não tem o produto eles reembolsam pra carteira e fica preso por que a loja tem o mínimo, é um absurdo não ter essa função!! Se a pessoa quiser comprar no ifood ela vai comprar ao invés de tá prendendo o dinheiro na carteira pra obrigar a comprar novamente",1,2026-06-22 12:15:32
iFood,muito top,5,2026-06-22 06:35:01
iFood,"as vezes o app me decepciona muito. recentemente fiz um pedido a um restaurante, o pedido atrasou e no final o app cancelou o pedido. eu esperei duas horas pra chegar, e ainda fiquei com fome. Fui reclama com o próprio restaurante pq o app dizia que o próprio restaurante não tinha entregadores pra fazer o pedido, só que quando falei com o restaurante, os entregadores era do próprio Ifood. ou seja, meu pedido estava pronto a 1hora e nenhum entregador do próprio ifood quis fazer entrega",1,2026-06-22 05:57:40
iFood,até o momento tá ótimo começo a pouco tempo.,5,2026-06-22 03:58:31
iFood,amo o ifood de inteira responsabilidade com o cliente....,5,2026-06-22 03:42:26
iFood,top,5,2026-06-22 03:37:26
iFood,"motoboy nao chamou, tenho imagens de segurança, mostra ele sentado e olhando pro portao, meu pedido foi cancelado sem reembolso. quero meu dinheiro",1,2026-06-22 03:22:14
iFood,é muito bom,5,2026-06-22 02:58:33
iFood,🤝🤝🤝🤝,5,2026-06-22 02:55:37
iFood,gostei muito legal,4,2026-06-22 02:51:34
iFood,boas ofertas! me salva quando estou fora da minha cidade!!,5,2026-06-22 02:49:02
iFood,muito bom,5,2026-06-22 02:31:10
iFood,O melhor app de Delivery do mundo. 😍,5,2026-06-22 02:24:17
iFood,Praticidade,5,2026-06-22 02:16:31
iFood,"melhor app para pedir comida,sempre foi !!",5,2026-06-22 02:08:03
iFood,Revolucionou demais! Eu amo e não vivo sem,5,2026-06-22 02:02:58
iFood,O aplicativo tem um atendimento horrível para resolução de problemas.,1,2026-06-22 02:02:48
iFood,muito bom só faltou promoção desconto entrega tá o mesmo valor dos outros aplicativos,5,2026-06-22 01:58:37
iFood,muito bom 👍,5,2026-06-22 01:57:05
iFood,"Péssimo, só permitem avaliar qdo dá tudo certo. Lojas péssimas cancelam pedido depois de horas e sem dar satisfação e seguem fazendo a gente de trouxa sem sequer dar possibilidade pra reclamar. E o ifood não dá suporte pro cliente. Não tem alternativas válidas no app pra reclamar desse tipo de situação e se vc tenta encaixar em alguma outra alternativa o próprio atendimento do ifood encerra sem outra forma pra gente ser ouvido. Insatisfação é pouco! tem que melhorar muito pra ficar ruim.",1,2026-06-22 01:47:56
iFood,até hoje estou satisfeito!!!,5,2026-06-22 01:46:41
iFood,ótimo aplicativo melhor aplicativo de comida do mundo 🫡,5,2026-06-22 01:41:45
iFood,muito bom!,5,2026-06-22 01:36:22
iFood,sempre foi uma boa opção de escolha para eu aproveitar,5,2026-06-22 01:31:49
iFood,é um aplicativo ótimo mais deveria ter mais opções de mercado para comprar o Verona às vezes cansada pedido do nada..,3,2026-06-22 01:29:10
iFood,muito bom,4,2026-06-22 01:20:10
iFood,Comer sem sair de casa... 👍👍 Topzera!,5,2026-06-22 01:17:40
iFood,top,5,2026-06-22 01:15:13
Delivery Much,muito bom,5,2026-06-23 12:05:34
Delivery Much,"ótimo app, gosto e uso muito!",5,2026-06-23 01:09:15
Delivery Much,"um ótimo aplicativo, tanto pra quem trabalha tanto pra quem compra, faria um chat, tipo o ifood pro cliente falar com a loja caso aconteça algo.",5,2026-06-22 02:59:43
Delivery Much,ótima,5,2026-06-22 02:46:59
Delivery Much,ótima,5,2026-06-21 17:22:30
Delivery Much,excelente 👏,5,2026-06-21 16:17:33
Delivery Much,"Excelente aplicativo, mas nas avaliações dos estabelecimentos, deveria aparecer o comentário da avaliação de cada cliente.",5,2026-06-21 00:55:50
Delivery Much,"aplicativo de péssima qualidade, não permite fazer entrega em vários lugares na cidade enquanto os demais todos fazem",1,2026-06-20 23:49:50
Delivery Much,ótimo,5,2026-06-20 02:34:56
Delivery Much,Entrega rápida,5,2026-06-18 13:25:00
Delivery Much,muito bom,5,2026-06-18 02:47:43
Delivery Much,👍🏼,5,2026-06-16 15:22:29
Delivery Much,adoro pedir no delivery much,5,2026-06-15 01:32:51
Delivery Much,Perfeito,5,2026-06-14 23:54:06
Delivery Much,Ótimo!,5,2026-06-14 23:47:12
Delivery Much,não está mais funcionando,1,2026-06-14 02:45:32
Delivery Much,top,5,2026-06-13 23:45:07
Delivery Much,"horrível vive travado some com cupom, não recomendo",2,2026-06-13 23:26:18
Delivery Much,otima,5,2026-06-13 21:58:16
Delivery Much,"nao posso reclamar do app ele e muito bom , bastante opções so que e muita taxa pra pagar , vc paga a taxa do restaurante por perdir mais a embalagem mais a taxa do app e mais a entrega ,na maioria das vezes sai mais caro pedir pelo app do que pela própria empresa .",3,2026-06-13 19:03:46
Delivery Much,"App lixo, a loja aceita o pedido não envia e nem cancela, e vc perde tempo esperando e tbm oportunidade de comprar em outro lugar, não há como avaliar a loja e a mesma não recebe nenhum tipo de punição, Lixo!??",1,2026-06-13 17:19:50
Delivery Much,app bom,5,2026-06-13 02:18:59
Delivery Much,excelente,5,2026-06-13 02:03:20
Delivery Much,perfeita,5,2026-06-13 00:49:02
Delivery Much,"aplicativo todo bugado, o suporte ao cliente é pior ainda, já faz quase um mês que tô tentando reembolso de um pedido que deu problema, enfim péssimo",1,2026-06-12 16:36:53
Delivery Much,"aplicativo muito bom,sempre entregando o que preciso",5,2026-06-12 00:48:46
Delivery Much,mto bom,5,2026-06-12 00:44:00
Delivery Much,não consigo inserir os cupons de desconto,5,2026-06-11 03:12:24
Delivery Much,bom app,5,2026-06-11 01:24:49
Delivery Much,ótimo,5,2026-06-09 11:32:37
Delivery Much,"senti falta de um suporte de atendimento rápido, fiz um pedido, recebi e veio incompleto e nao consegui acesso com o restaurante e o suporte do aplicativo ""chat"" nao me deu nenhum retorno até o momento.",2,2026-06-09 00:42:32
Delivery Much,acertei que o Brasil terminaria o primeiro tempo empatado com o Egito e não me deram o cupom,1,2026-06-08 21:22:34
Delivery Much,"achei super rápido,e estava muito gostoso.",5,2026-06-08 01:54:57
Delivery Much,recomendo,5,2026-06-08 01:29:55
Delivery Much,muito bom e prático,5,2026-06-07 17:47:38
Delivery Much,muito boa,5,2026-06-07 01:56:16
Delivery Much,"gostei de muitas opções de comida, fica até difícil escolher sempre vou comprar achei um pouco difícil pra fazer a compra se ficasse mais fácil seria melhor",5,2026-06-07 01:15:30
Delivery Much,primeira experiência foi boa...,5,2026-06-07 00:02:12
Delivery Much,ótimo ótimo ótimo,5,2026-06-06 23:17:14
Delivery Much,super recomendo,5,2026-06-06 16:35:43
Delivery Much,Bom aplicativo.,4,2026-06-06 00:26:38
Delivery Much,ótima,5,2026-06-05 01:26:28
Delivery Much,"Cobra uma taxinha no pedido, mas funciona bem.",4,2026-06-04 00:07:18
Delivery Much,muito fácil e prático de lidar,5,2026-06-03 04:03:52
Delivery Much,não tem minha cidade,1,2026-06-02 17:30:24
Delivery Much,prático e rápido,5,2026-06-02 17:29:26
Delivery Much,valores,4,2026-06-02 03:54:23
Delivery Much,top,4,2026-06-02 00:16:26
Delivery Much,"App não trava, mostra todas as opções facilmente, não lembro de encontrar problemas com o aplicativo!",5,2026-06-01 09:30:17
Delivery Much,ótimo,5,2026-05-31 02:20:06
Delivery Much,maravilhoso,5,2026-05-30 02:40:37
Delivery Much,"Rastreamento em tempo real: O cliente quer saber exatamente onde está o pedido (preparando, saindo para entrega, chegando). Descrição detalhada e fotos reais: Informar ingredientes para evitar alergias, restrições alimentares (ex: vegano, sem glúten) e tamanhos das porções. Política de preços clara: Exibição separada do valor do item, taxa de entrega e cupons aplicados. 2. Atendimento e Suporte ao Cliente Resolução rápida de problemas: Canais ágeis para relatar itens faltando, pedidos Canais....",1,2026-05-30 00:43:38
Delivery Much,"Lanche bem preparado, muito saboroso, refrigerante bem gelado.",5,2026-05-30 00:21:56
Delivery Much,"pior aplicativo de comida que tem, além de não funcionar direito, te deixa não mão, em quase todas vezes que se usa, não recomendo!",1,2026-05-29 01:46:53
Delivery Much,top,5,2026-05-28 23:51:25
Delivery Much,eu tentei usar mas o app fica fechando sozinho,1,2026-05-28 18:39:50
Delivery Much,"Excelente alternativa ao Ifood, geralmente os preços são melhores, recomendo a todos!",5,2026-05-28 15:30:43
Delivery Much,muito bom,5,2026-05-26 21:15:23
Delivery Much,Excelente.,5,2026-05-26 20:37:40
Delivery Much,"era ótimo aí começou a cobrar taxa para usar o app, aba de avaliação das loja impossivel de visualizar o ifood da para visualizar",3,2026-05-26 19:50:58
Delivery Much,muito bom e fácil de mexer,5,2026-05-26 08:12:15
Delivery Much,muito bom o aplicativo,3,2026-05-26 00:51:52
Delivery Much,muito bom,5,2026-05-25 21:23:35
Delivery Much,bom app,5,2026-05-24 21:03:00
Delivery Much,muito bom,1,2026-05-24 06:48:33
Delivery Much,"bem organizado, fácil de entender",5,2026-05-24 02:41:14
Delivery Much,muito prático,5,2026-05-24 01:38:02
Delivery Much,melhor app do mundo para pedir comida 👏🏻,5,2026-05-24 00:40:32
Delivery Much,"O aplicativo em si é bom , tem variedades, e é fácil pedir, só que quando da problema de entrega , não se tem suporte nem a devolução do dinheiro, encomendei e paguei vários produtos de uma loja associada , não entregaram o produto e não consegui a devolução do dinheiro, pois a loja lançou como entregue a encomenda, acabei perdendo o dinheiro",3,2026-05-23 10:07:12
Delivery Much,Excelente,5,2026-05-23 00:58:37
Delivery Much,muito boa,5,2026-05-22 23:01:46
Delivery Much,"entregadores rápidos e atenciosos, aplicativo que n trava, me mostra todas as promoções e descontos, me dá descontos maravilhosos, apenas baixem e usem, eu indico",5,2026-05-22 22:41:40
Delivery Much,Um aço!,4,2026-05-21 01:40:03
Delivery Much,mto bom...,5,2026-05-21 01:07:40
Delivery Much,ótimo aplicativo 👍,5,2026-05-18 17:14:52
Delivery Much,"algumas lojas tem cupom mas não dá para usar pq não aceita pix, tem cupom mas não posso usar se for pago na entrega, acho que deveria ter a opção de tirar foto do pedido para os próximos clientes já sabe o que ia receber.",4,2026-05-18 11:15:18
Delivery Much,quase sem desconto,1,2026-05-18 06:30:35
Delivery Much,ótima,5,2026-05-18 02:33:09
Delivery Much,"É ótimo para encontrar variedades de comida, bebidas,sobremesa num único lugar sem sair de casa e melhor a qualquer hora.",5,2026-05-17 18:37:38
Delivery Much,"não tem a opção de cancelar o pedido, o restaurante nem aí. não responde, não entrega, a pessoa fica esperando e nada, nem o dinheiro de volta posso pedir.",1,2026-05-17 15:56:10
Delivery Much,"tem muito a melhorar em relação ao cliente e as possibilidades, parece que é um caixa econômico do estado rodando windows xp",1,2026-05-17 06:16:03
Delivery Much,eu e minha família sempre pede...top,5,2026-05-17 02:18:23
Delivery Much,"amo o delivery much, sempre atendendo muito bem.",5,2026-05-17 01:59:42
Delivery Much,"aplicativo tá com taxas muito altas de serviço para poucas funcionalidades, eu tinha o much+ assinado e mesmo assim pagava quase de 2 a 3 reais de taxa em pedidos de no máximo 120 reais, os cupons iam só pra pagar o frete e a taxa, deveriam repensar essa questão de quem tem o plano não pagar estas taxas ou diminuir a porcentagem",3,2026-05-16 22:50:46
Delivery Much,ótimo e várias opções de loja,5,2026-05-16 01:29:28
Delivery Much,ótimo,5,2026-05-14 17:14:35
Delivery Much,ótima pizza,5,2026-05-14 00:14:30
Delivery Much,maravilha,5,2026-05-13 15:57:40
Delivery Much,ótimo simplesmente,5,2026-05-11 01:35:42
Delivery Much,é um aplicativo excelente,5,2026-05-10 23:55:55
Delivery Much,muito bom o app,5,2026-05-10 19:12:19
Delivery Much,top,5,2026-05-10 03:43:23
Delivery Much,"muito bom,",4,2026-05-10 02:08:10
Delivery Much,"muito prático, preços acessíveis, entrega sempre dentro do prazo.",5,2026-05-10 00:14:56
Delivery Much,ótimo,5,2026-05-09 23:36:09
Delivery Much,"taxa de 2,00 por pedido (qualquer valor)",1,2026-05-09 22:58:14
Delivery Much,"o aplicativo é bom mas tem que melhorar, inclusive no tempo de preparo, se passar do tempo sem informação deveria cancelar automaticamente ou a loja entrar em contato dando satisfação do atraso. Alguns mesmo pagando a corrida vale a pena, comidas, lanches etc bons, mas tem outros que não posso dizer a mesma coisa, além de vir comida ruim, pouca, o preço é fora da realidade. Deveria ter a opção de bloquear restaurante, bares, etc pra facilitar. Quando tem cupom ao abrir some. simplesmente some.",4,2026-05-09 19:29:11
Delivery Much,"excelente, várias promoções",4,2026-05-09 15:37:17
Delivery Much,e um aplicativo ótimo para fazer pedidos,5,2026-05-09 13:39:18
Delivery Much,ótimo,5,2026-05-09 04:20:26
Delivery Much,Prefiro não avaliar antes de receber.,4,2026-05-08 18:55:55
Delivery Much,bom,5,2026-05-08 15:11:39
Delivery Much,a maionese é maravilhosa!! o frango é uma delicia,5,2026-05-08 14:25:17
Delivery Much,excelente,5,2026-05-06 17:02:14
Delivery Much,"A taxa do app tá custando em média R$2,00 hahaha hilário. Partiu desinstalar, eu ainda não sou concursado pra gastar dinheiro assim.",1,2026-05-06 02:02:14
Delivery Much,amoooo,5,2026-05-04 23:41:32
Delivery Much,ótimo trabalho 👏👏👏👏,5,2026-05-04 00:17:32
Delivery Much,"Excelente aplicativo, célere, descomplicado, facilidade aos clientes.",5,2026-05-03 23:00:50
Delivery Much,não conecta pelo Google,1,2026-05-03 13:42:58
Delivery Much,ótimo,5,2026-05-02 22:36:25
Delivery Much,"desinstalando esse app agora, eu fiz um pedido cancelaram e não me mandaram reembolso, 60 reais jogado no lixo. e não me respondem no suporte. nunca mais compro nisso e irei espalhar pras pessoas não comprar também",1,2026-05-02 17:51:13
Delivery Much,top,5,2026-05-02 04:12:07
Delivery Much,maravilhoso,5,2026-05-02 00:05:26
Delivery Much,app ruim. não tem opção de cancelar quando a loja atrasar seu pedido a mais de 2 horas. nao tem opção nenhuma de contato com eles para solucionar o problema.,1,2026-05-01 21:07:03
Delivery Much,"muito bom, super recomendo",5,2026-04-30 23:12:53
Delivery Much,o aplicativo e bom mais poderia adicionar a função de cancelar pedido sem precisar ligar para o estacionamento já que muitos não atendem,5,2026-04-30 20:24:00
Delivery Much,ótima,5,2026-04-30 14:58:19
Delivery Much,Top,5,2026-04-30 14:33:56
Delivery Much,Código de verificação foi um lixo. Depois de 20min tentando descubro que não tem na cidade,1,2026-04-29 21:49:30
Delivery Much,muito top,5,2026-04-29 01:11:17
Delivery Much,difícil contato com suporte meu pedido atrasou e eles pedem pra ligar pra loja e a loja não atende.. aí volta pra fazer a reclamação e o chat fica bugado da primeira e não abre outro...,3,2026-04-28 01:27:43
Delivery Much,sempre com boas promoções,5,2026-04-27 02:17:31
Delivery Much,"gosto de usar, não tive problemas com reembolso pois e automático, app nota 10!!",5,2026-04-26 23:51:05
Delivery Much,"O aplicativo de um tempo pra cá, começou a nao entregar o pedido para o estabelecimento. Temos que entrar em contato direto com o estabelecimento para questionar e nada deles terem recebido o pedido. E nós esperando por horas. Melhorem!!",1,2026-04-26 23:43:56
Delivery Much,"Não estou conseguindo atualizar meu endereço, diz que estão em manutenção mas já está assim a semanas. Conseguem concertar?",1,2026-04-26 22:18:28
Delivery Much,Bom,5,2026-04-26 18:37:42
Delivery Much,ótimo 👍,5,2026-04-26 01:50:42
Delivery Much,Um bom preparo que delícia 😋 recomendo 👍,5,2026-04-26 01:42:18
Delivery Much,"Sempre que peço lanches ou refeições, uso o Delivery Much. Praticidade e segurança. Pra mim é o melhor aplicativo. Me satisfaz 100%",4,2026-04-26 01:31:16
Delivery Much,A melhor pizza 🍕 da cidade,5,2026-04-25 23:39:25
Delivery Much,muito bom,5,2026-04-25 21:02:35
Delivery Much,aplicativo muito bom tem sushi pizza hambúrguer açaí sem contar que tem como fazer o pix pelo próprio aplicativo ou pagar pelo cartão dinheiro e etc várias formas de pagamento muito top sem contar os entregadores muito gente boa recomendo muito sem falar nos cupons de desconto que também vem pelo próprio aplicativo mostra as lojas que estão fechadas e aberta quantos Km da loja até sua residência top nota 10/10 💯,5,2026-04-25 19:32:58
Delivery Much,"muito bom, cupons sempre....",5,2026-04-25 03:30:03
Delivery Much,amei,5,2026-04-25 01:49:48
Delivery Much,"açaí uma delícia, entregador mto educado...",5,2026-04-24 02:02:23
Delivery Much,Não tem opção de comprar cupons adicionais,3,2026-04-23 17:33:45
Delivery Much,Melhor aplicativo,5,2026-04-23 07:15:36
Delivery Much,"Decepcionado! agora estao exigindo o pagamento PIX adiantado, os pedidos não chegam. até quando essa plataforma vai permitir que nos roubem na cara dura.",1,2026-04-23 06:24:34
Delivery Much,Simples e prático! funciona bem demais!,5,2026-04-22 23:19:46
Delivery Much,o melhor da cidade,5,2026-04-22 18:52:16
Delivery Much,Ótimo,5,2026-04-22 02:40:06
Delivery Much,"Apple muito bom, pena que alguns restaurantes nao deixa o número pra contato atualizado.",5,2026-04-21 22:42:01
Delivery Much,o desing pode melhorar,4,2026-04-19 14:51:29
Delivery Much,ótimo!,5,2026-04-18 15:12:05
Delivery Much,ótimo,5,2026-04-17 01:59:38
Delivery Much,estou amando a agilidade na entrega.,5,2026-04-17 00:56:02
Delivery Much,muito bom 👏👏👏👏🤌,5,2026-04-16 03:46:41
Delivery Much,App bom,5,2026-04-16 03:26:31
Delivery Much,app rápido e com muitas opções além de promoções incríveis de até 50 %,5,2026-04-16 00:34:33
Delivery Much,muito bom app .muito funcional,5,2026-04-16 00:20:29
Delivery Much,"muito bom, porém agora tá adicionando taxas adicionais",4,2026-04-15 01:41:00
Delivery Much,muito bom,5,2026-04-14 02:27:21
Delivery Much,Ótimo aplicativo.,5,2026-04-13 00:16:30
Delivery Much,muito bom super recomendo,5,2026-04-12 23:52:03
Delivery Much,atendimento excelente uma ótima refeição,5,2026-04-12 05:10:03
Delivery Much,muito bom,5,2026-04-12 05:09:26
Delivery Much,ótima,5,2026-04-12 02:32:05
Delivery Much,"Esse app é mt maravilhoso, mt opções de restaurantes😍☺️",5,2026-04-12 02:28:30
Delivery Much,"fiz o pedido e chegou rapidinho, com um precinho bem especial... estou amando app. Caçador - SC",5,2026-04-11 01:03:07
Delivery Much,Cupom e preço praticado são uma piada de mau gosto,1,2026-04-08 18:39:27
Delivery Much,top,5,2026-04-07 16:44:27
Delivery Much,bom demais!,5,2026-04-07 00:21:31
Delivery Much,top demais parabéns 💪😎,5,2026-04-06 02:00:21
Delivery Much,muito boa ótimo atendimento,5,2026-04-05 17:27:30
Delivery Much,ótimo,5,2026-04-05 14:47:10
Delivery Much,salva sempre 😌👏🏾😋,5,2026-04-05 04:48:58
Delivery Much,"é um aplicativo muito bom, porém ainda falta recursos, como o de poder falar com a loja diretamente pelo aplicativo, pós aí fica até melhor pra receber a entrega",4,2026-04-05 03:56:58
Delivery Much,muito bom vários co.ercios verus dos e muito bom,5,2026-04-05 02:53:05
Delivery Much,ótimo,5,2026-04-05 01:08:44
Delivery Much,"Excelente, super recomendo!!! experiencia muito bom, muito obrigado",5,2026-04-04 02:41:30
Delivery Much,muito útil e muito bom,5,2026-04-04 00:37:21
Delivery Much,excelente,5,2026-04-03 16:45:16
Delivery Much,burocrático para cancelar a assinatura do pacote de cupons,1,2026-04-02 22:25:58
Delivery Much,maravilhoso,5,2026-04-01 01:35:33
Delivery Much,ótimo,5,2026-03-31 22:01:00
Delivery Much,excelente,5,2026-03-31 16:46:17
Delivery Much,estou o dia inteiro tentando resolver um problema de pedido pelo delivery e até agora nada péssimo app,1,2026-03-31 00:03:54
Delivery Much,ótimo...sempre uso o App...e sempre deu certo... obgd...,5,2026-03-30 16:07:27
Delivery Much,deveria ter mais suporte,4,2026-03-30 04:06:00
Delivery Much,tempo otimizado,5,2026-03-30 01:18:11
Delivery Much,os restaurantes nao atualizam o status de entrega. restaurante recusa o pedido e nao avisa.,1,2026-03-29 22:55:41
Delivery Much,Bom 👍,5,2026-03-29 17:16:14
Delivery Much,muito bom,5,2026-03-29 02:23:33
Delivery Much,"fácil de fazer pedidos, com grandes descontos.",5,2026-03-29 02:08:05
Delivery Much,"app ótimo, ótimas restaurante e excelentes promoções",5,2026-03-29 02:03:45
Delivery Much,"muito fácil o acesso, e bem prático d mexer e fazer o pedido.",5,2026-03-29 01:53:50
Delivery Much,"Estou tendo problemas em adicionar um novo endereço, já tem muitos dias isso. Sempre que tento adicionar um novo endereço, aparece uma mensagem dizendo que estão em ""manutenção"". Me mudei do meu antigo endereço e agr não consigo salvar o novo endereço onde moro. Prfvr arrumem isso",1,2026-03-29 00:11:57
Delivery Much,Melhor que o pede ai.,5,2026-03-28 23:55:52
Delivery Much,"pedidos vem certinho,tudo maravilhoso",5,2026-03-28 22:51:18
Delivery Much,"só não dei 5 estrelas, porque recebo muitas notificações, esses dias recebi 9 entre a tarde e a noite.",4,2026-03-28 14:46:51
Delivery Much,muito bom,5,2026-03-28 04:20:52
Delivery Much,muito bom,5,2026-03-27 19:54:34
Delivery Much,O aplicativo é excelente,5,2026-03-27 03:25:13
Delivery Much,Super recomendo. Muito prático......,5,2026-03-27 02:20:24
Delivery Much,muito bom indico,5,2026-03-27 01:20:30
Delivery Much,Facilitou a tele-entrega barreirense.,5,2026-03-26 22:56:17
Delivery Much,"Esses 2 reais de taxa do app para pagar os impostos que era para o próprio aplicativo pagar, mas colocam nois clientes pagar por eles kjkk🤌🏻",1,2026-03-25 22:27:34
Delivery Much,top,5,2026-03-25 00:49:38
Delivery Much,muito bom,5,2026-03-24 18:32:38
Delivery Much,"Excelente, chegou antes do horário",5,2026-03-23 18:57:22
Zé Delivery,ainda nao,5,2026-06-23 16:19:03
Zé Delivery,Maravilhoso,5,2026-06-23 16:06:58
Zé Delivery,Zé Delivery é nota 1000,5,2026-06-23 15:28:19
Zé Delivery,Zé delivery ajuda bastante pena que são poucos produtos pra compra,5,2026-06-23 15:13:46
Zé Delivery,prático e rapido,5,2026-06-23 15:00:06
Zé Delivery,"possuí uma falha estratégica séria: Não é possível escolher ou alterar o fornecedor. Mesmo morando em uma capital, sou sempre atendido pelo mesmo local. muitas vezes eles enviam produtos diferentes do solicitado, sem as tampas do Zé compensa, e já chegaram até a mandar produtos estragados. além disso, ela é muito distante de onde resido, e aparentemente isso é feito para forçar o usuário a pagar uma entrega premium caso deseje uma distribuidora próxima. é mais viável ligar para uma distribuidora",1,2026-06-23 14:59:09
Zé Delivery,"Fazem propaganda de entrega grátis de Segunda à Sexta, mas nem todas entregas são grátis",4,2026-06-23 14:46:53
Zé Delivery,prático muito bom!!!,5,2026-06-23 14:06:27
Zé Delivery,Zé delivery como sempre arrasando preço bom bebida bem gelada de qualidade entrega rápida aplicativo top das. galáxia,5,2026-06-23 13:48:10
Zé Delivery,sempre rápido e cerveja gelada,5,2026-06-23 13:37:46
Zé Delivery,"App muito bom, entrega super rápida.",5,2026-06-23 13:12:22
Zé Delivery,eficiente,5,2026-06-23 10:53:14
Zé Delivery,surpe satisfeita,5,2026-06-23 03:15:07
Zé Delivery,amei o app é confiável mesmo amei,5,2026-06-23 02:43:40
Zé Delivery,ótimo de mais,5,2026-06-23 01:51:11
Zé Delivery,Excelente! Bons preços e entrega absolutamente rápida.,5,2026-06-23 01:39:13
Zé Delivery,amooooo Zé o melhor,5,2026-06-23 00:47:57
Zé Delivery,melhor app de bebidas,5,2026-06-23 00:09:00
Zé Delivery,top sempre.,5,2026-06-22 23:54:45
Zé Delivery,entraga rapidinho e gelada e preço ótimo👍🏽,5,2026-06-22 23:49:17
Zé Delivery,suporte horrível. bloquearam minha conta sem dar explicação. arrependimento de ter utilizado esse serviço por tanto tempo. nunca mais,1,2026-06-22 23:03:15
Zé Delivery,taxa de conveniência é ridículo,3,2026-06-22 22:25:56
Zé Delivery,sentir falta de mais opções de produtos e disponibilidade de coisas simples como gelo.,4,2026-06-22 21:51:31
Zé Delivery,"is preço e a taxa de entrega cara ,no aplicativo comprei por nsonpoder sair de casa e só muda pior o app 99 preço tá ótimo pena que o vinho tinga acabou fretis grátis.",2,2026-06-22 21:34:08
Zé Delivery,top,5,2026-06-22 20:41:54
Zé Delivery,excelente,5,2026-06-22 20:41:13
Zé Delivery,O app não está funcionando na minha região .,1,2026-06-22 20:34:25
Zé Delivery,cerveja nao estava bem gelada,3,2026-06-22 20:14:29
Zé Delivery,Facilta muito nossas comemorações,5,2026-06-22 19:35:08
Zé Delivery,"péssima administração do app, bloquearam meu acesso e meu e-mail sem q fizesse nada errado e não me deram o motivo, e nem uma explicação para o fato.",1,2026-06-22 19:27:25
Zé Delivery,ótimo apenas alguns parceiros que atrasam demais a entrega,5,2026-06-22 19:14:03
Zé Delivery,Aprovado,5,2026-06-22 18:06:51
Zé Delivery,shom de bola brasil rumo ao exa e ze delibery dando shom,5,2026-06-22 17:56:22
Zé Delivery,"O melhor aplicativo de Delivery, muito rápida a entrega!",5,2026-06-22 17:28:46
Zé Delivery,"muito bom o app mas sinto que da pra melhorar em vários aspectos, gostei de usar porém ainda não é o meu favorito",4,2026-06-22 15:41:33
Zé Delivery,o melhor aplicativo,5,2026-06-22 15:36:38
Zé Delivery,muito bom,5,2026-06-22 14:25:52
Zé Delivery,"comprei e chegou muito rápido mesmo estando em outro estado, parabéns ao Zé",5,2026-06-22 09:17:16
Zé Delivery,top,5,2026-06-22 04:17:36
Zé Delivery,"vocês são um lixo, com esse papo de entrega grátis de seg a sex, ao chegar no valor mínimo, vcs colocam mais uma barreira pro cliente gastar mais pra ter a entrega grátis. isso é inadmissível!",1,2026-06-22 03:43:50
Zé Delivery,fui mal atendida pelo entregador,1,2026-06-22 01:49:09
Zé Delivery,rapidez na entrega,5,2026-06-22 01:42:34
Zé Delivery,Ótima opção para se divertir sem sair de casa 😃,5,2026-06-22 01:39:44
Zé Delivery,Super prático e rápido. Vale muito a pena.,5,2026-06-22 01:29:32
Zé Delivery,bem rápido,5,2026-06-22 01:29:23
Zé Delivery,entregador foi demais,5,2026-06-22 01:01:59
Zé Delivery,rápido e prático,5,2026-06-22 00:29:29
Zé Delivery,"super rápido e motoboy super educado, obrigado",5,2026-06-22 00:26:30
Zé Delivery,perfeito,5,2026-06-22 00:13:18
Zé Delivery,top o preço,5,2026-06-21 23:57:49
Zé Delivery,muito bom,5,2026-06-21 23:54:14
Zé Delivery,ótimo,5,2026-06-21 23:24:15
Zé Delivery,"eita aí sim ,bebida chegou trincado, achei q o Zé delivery era lenda, arrasou virei cliente, obrigada",5,2026-06-21 23:11:57
Zé Delivery,muito bom,5,2026-06-21 23:08:30
Zé Delivery,falta opções,3,2026-06-21 22:51:05
Zé Delivery,rápida resposta!!!!!,5,2026-06-21 22:36:00
Zé Delivery,almoçar nota dez. rápido na entrega.,5,2026-06-21 22:12:14
Zé Delivery,show,5,2026-06-21 22:11:02
Zé Delivery,muito prático,5,2026-06-21 22:10:08
Zé Delivery,Muito prático.,5,2026-06-21 22:01:25
Zé Delivery,muito bom adorei chegou rápido,5,2026-06-21 21:55:36
Zé Delivery,eficiência nota 10 obrigado,5,2026-06-21 20:52:03
Zé Delivery,bom de mais,5,2026-06-21 20:35:27
Zé Delivery,praticidade agilidade sem sufoco,5,2026-06-21 20:33:43
Zé Delivery,top,5,2026-06-21 20:32:08
Zé Delivery,cupom de entrega gratis nao ta selecionando.,2,2026-06-21 20:10:42
Zé Delivery,super recomendo nota 10,5,2026-06-21 20:10:28
Zé Delivery,top demais,5,2026-06-21 20:09:08
Zé Delivery,Me mandar ir no gmail pra buscar um código de login e crashar quando eu troco de app simplesmente impossibilita que eu use. Seus gestores de produto não sabem priorizar.,1,2026-06-21 19:59:28
Zé Delivery,sensacional,5,2026-06-21 19:57:45
Zé Delivery,ate o momento nota 10,5,2026-06-21 19:52:29
Zé Delivery,ótimo,5,2026-06-21 19:50:28
Zé Delivery,perfeito,5,2026-06-21 19:45:07
Zé Delivery,propaganda enganosa a troca de camisa,1,2026-06-21 19:32:12
Zé Delivery,top,5,2026-06-21 19:18:11
Zé Delivery,Perfeito,5,2026-06-21 19:06:41
Zé Delivery,ótimo,5,2026-06-21 19:01:45
Zé Delivery,variedade de produtos. entrega rápida. profissionais.,5,2026-06-21 18:47:58
Zé Delivery,"parabéns,ao desenvolvedor,app top.",5,2026-06-21 18:32:58
Zé Delivery,"Excelente! mas, quero desconto.",5,2026-06-21 18:27:10
Zé Delivery,top,5,2026-06-21 17:51:45
Zé Delivery,ótimo,4,2026-06-21 17:31:21
Zé Delivery,muito bom,5,2026-06-21 17:18:20
Zé Delivery,top,5,2026-06-21 17:12:38
Zé Delivery,Muito fácil de usar e a entrega foi bem rápida.,5,2026-06-21 17:07:43
Zé Delivery,ooo melhor,5,2026-06-21 17:01:31
Zé Delivery,muito bom obrigado seu Zé,5,2026-06-21 16:58:29
Zé Delivery,maravilhosoooo,5,2026-06-21 16:55:06
Zé Delivery,"e show papai, assim ficou muito mais fácil de fazer pedido...",5,2026-06-21 16:52:58
Zé Delivery,está faltando a localização do entregador.,5,2026-06-21 16:43:20
Zé Delivery,excelente aplicativo,5,2026-06-21 16:42:48
Zé Delivery,bebida gelada e chega rapidinho!!!,5,2026-06-21 16:36:23
Zé Delivery,massa d+++,5,2026-06-21 16:26:56
Zé Delivery,prescisa atualizar esse aplicativo.,2,2026-06-21 16:25:27
Zé Delivery,top. veio rapidão,5,2026-06-21 16:14:55
Zé Delivery,ótimo,5,2026-06-21 16:09:14
Zé Delivery,muito bom 👍,5,2026-06-21 16:04:42
Zé Delivery,muito bom,5,2026-06-21 16:03:50
Zé Delivery,excepcional e rápido,5,2026-06-21 16:01:23
Zé Delivery,melhor,5,2026-06-21 15:57:11
Zé Delivery,se toda vez vier rápido e bem gelado vou ficar satisfeita,4,2026-06-21 15:53:28
Zé Delivery,"Atualmente o Zé ta uma negação no App: Mostra pra mim o preço da cerveja Corona 330ml R$ 6,79,00 a partir de 13 unidades, quando estava comprando e adquirir o cupom pra trocar o valor foi pra R$ 739,00 uma absurdo com que fazem com cliente fidelidade. Nota (0).",2,2026-06-21 15:53:13
Zé Delivery,rapidez na entrega,5,2026-06-21 15:44:03
Zé Delivery,muito bom,5,2026-06-21 14:52:11
Zé Delivery,"o app era ótimo, mas tem um tempo que está fechada, alguém sabe o que aconteceu?",4,2026-06-21 14:19:26
Zé Delivery,comodidade e preço bom,5,2026-06-21 13:28:07
Zé Delivery,entrega rápida com responsabilidade,5,2026-06-21 13:10:20
Zé Delivery,"top demais, facilitou a vida",5,2026-06-21 04:25:01
Zé Delivery,bom,5,2026-06-21 02:26:15
Zé Delivery,estou adorando o Zé muito bom esse aplicativo,5,2026-06-21 02:16:15
Zé Delivery,bom,5,2026-06-21 01:58:36
Zé Delivery,amo o aplicativo mais só vou dar 5 estrelas quando realmente pude acompanhar a entrega em tempo real com a tela inteira limpa hoje é muito complicado ainda fazer isso.,4,2026-06-21 01:42:36
Zé Delivery,"Hoje dia 20/06 fiz um pedido pelo ze delivery chegou rapido porem tive a infelicidade do meu pedido ser entregue por esse moto boy MAL EDUCADO, GROSSEIRO E SEM NOÇÃO NENHUMA. Segundo ele tenho que fazer pedido la na rua porq a minha localização puxa na rua de baixo, sendo que nao utilizei a localização somente digitei o nome da rua e o n°, enfim tenho que sair na rua para fazer o pedido logo em seguida sem paciência nenhuma para aguardar o código EXTREMAMENTE grosseiro. Por causa desse tipo de",1,2026-06-21 01:25:17
Zé Delivery,maravilhoso,5,2026-06-21 01:15:13
Zé Delivery,"parabéns, a entrega foi super rápido",5,2026-06-21 01:07:14
Zé Delivery,bom,5,2026-06-21 01:02:18
Zé Delivery,horário de funcionamento curto .,2,2026-06-21 00:58:29
Zé Delivery,bom,5,2026-06-21 00:54:23
Zé Delivery,eficiência,5,2026-06-21 00:12:24
Zé Delivery,no zé pediu chegou valeu,5,2026-06-21 00:03:21
Zé Delivery,motoboy bom,5,2026-06-20 23:54:47
Zé Delivery,muito bom,5,2026-06-20 23:51:19
Zé Delivery,muito bom,5,2026-06-20 23:17:54
Zé Delivery,atendimento muito bom,5,2026-06-20 23:09:25
Zé Delivery,ótimo entrega rápido demais,5,2026-06-20 23:08:51
Zé Delivery,cobram 10 e pouco a mais pra entregas mais rápido mas nem entregam e não devolvem o valor. Massa isso,1,2026-06-20 23:07:33
Zé Delivery,"Excelente, entrega rápida!",5,2026-06-20 22:56:22
Zé Delivery,Lixo é melhor que o app.,1,2026-06-20 22:42:47
Zé Delivery,Entrega cara e não tem produtos da Coca-Cola...,2,2026-06-20 22:30:20
Zé Delivery,"alguns endereços não batem, dificultando a entrega",4,2026-06-20 22:18:26
Zé Delivery,beleza pura costei da pontualidade,5,2026-06-20 22:10:49
Zé Delivery,muito bom e rápido ha entrega,5,2026-06-20 21:56:12
Zé Delivery,foi rápido a entrega,5,2026-06-20 21:35:01
Zé Delivery,excelente,5,2026-06-20 21:28:02
Zé Delivery,"O aplicativo não faz nenhuma gestão dos estabelecidos. Se atrasa te coloca para falar com a lógica. Não querem ter nenhum trabalho com intermediação. Não tem nada para te ajudar, não foi bem atendido, fica por isso mesmo!",2,2026-06-20 21:15:59
Zé Delivery,Localização em tempo real é muito útil.,5,2026-06-20 21:00:53
Zé Delivery,ótimo,5,2026-06-20 20:18:36
Zé Delivery,amei,5,2026-06-20 20:04:20
Zé Delivery,A opção de aceitar ou não substituição precisa ser aplicada antes do pagamento.,4,2026-06-20 19:54:19
Zé Delivery,e o melhor,5,2026-06-20 19:51:27
Zé Delivery,muito bom,5,2026-06-20 19:49:35
Zé Delivery,ótima,5,2026-06-20 19:37:30
Zé Delivery,top,5,2026-06-20 19:30:09
Zé Delivery,top demais meu amigo 👏,5,2026-06-20 19:28:02
Zé Delivery,Muito bom 🤝,5,2026-06-20 19:10:52
Zé Delivery,repidezA e eficiência,5,2026-06-20 18:59:33
Zé Delivery,melhor app amo esse app fazer meus pedidos,5,2026-06-20 18:56:06
Zé Delivery,excelente app,5,2026-06-20 18:54:19
Zé Delivery,muito bom,5,2026-06-20 18:51:46
Zé Delivery,o melhor sempre,5,2026-06-20 18:50:22
Zé Delivery,muito bom,5,2026-06-20 17:37:10
Zé Delivery,o melhor que nós temos 😊,5,2026-06-20 16:49:29
Zé Delivery,Bom de mais,5,2026-06-20 16:48:33
Zé Delivery,"Muito bem elaborado,objetivo e rápido!",5,2026-06-20 16:32:33
Zé Delivery,acho que o aplicativo tinha que enfor quantos minutos fata pra entrega chegar,3,2026-06-20 16:29:45
Zé Delivery,A melhor entrega é a cerveja super gelada parabéns,5,2026-06-20 16:24:14
Zé Delivery,"Fiz um pedido 20h, o jogo era 21h30, nada do pedido chegar, entrei em contato com o suporte que tentou ligar para a loja, liguei para a loja (do próprio Zé Delivery), sem sucesso, entrei em contato pelo WhatsApp, sem resposta. O suporte devolveu meu dinheiro sem nenhuma compensação ou cupom e nem avaliar o pedido para dar nota negativa eu consegui. Descaso. Considerando não usar mais.",1,2026-06-20 16:18:50
Zé Delivery,"Só aceita pepsi, boa sorte guerreiro!",1,2026-06-20 16:13:48
Zé Delivery,"muitas vezes não funciona . geralmente, qdo mais precisa...rs",1,2026-06-20 16:06:23
Zé Delivery,"precisa de mais descontos, para aumentar os pedidos",5,2026-06-20 16:05:00
Zé Delivery,top atendimento,5,2026-06-20 16:01:38
Zé Delivery,amei muito rapido,5,2026-06-20 15:55:09
Zé Delivery,o melhor,5,2026-06-20 15:48:04
Zé Delivery,Intuitivo e rápido. Não há poluição visual quando estamos escolhendo.,5,2026-06-20 15:45:44
Zé Delivery,bom,4,2026-06-20 15:23:24
Zé Delivery,nata 10,5,2026-06-20 15:20:40
Zé Delivery,top,5,2026-06-20 15:03:59
Zé Delivery,ótimo,5,2026-06-20 14:24:45
Zé Delivery,entrega rápida,5,2026-06-20 12:55:18
Zé Delivery,Excelente app,5,2026-06-20 12:24:41
Zé Delivery,ótimo,5,2026-06-20 11:56:21
Zé Delivery,muito bom mesmo ! ! ! 😊,5,2026-06-20 05:57:41
Zé Delivery,muito bom e rápido melhor esperiesia,5,2026-06-20 03:14:04
Zé Delivery,"top,show , Brasil hexa",5,2026-06-20 03:12:03
Zé Delivery,amei que tirou a taxa de entrega de segunda a sexta uhuuuuuu 😄,5,2026-06-20 03:02:33
Zé Delivery,"O app não dá nenhum suporte ao cliente, joga pro parceiro e ainda não permite o cancelamento, tive mais de uma hora de atraso e não consegui cancelar! horrível",1,2026-06-20 02:56:27
Zé Delivery,ótimo,5,2026-06-20 02:45:48
Zé Delivery,"Só o fato de pedir sua bebida sem sair de casa, já vale as 5 estrelas",5,2026-06-20 02:20:39
Zé Delivery,"sobre algum problema nos pedidos, o aplicativo é péssimo",2,2026-06-20 01:57:44
Zé Delivery,"Estou refém de uma distribuidora que está com meu pedido faz 1h40min e ainda não mandou pra entrega, mas o aplicativo não me permite cancelar. Zé Delivery conivente com golpes, lixo de aplicativo.",1,2026-06-20 01:55:10
Zé Delivery,gosto de comprar pq e sério,5,2026-06-20 01:54:46
Zé Delivery,só podia ter entrega depois da oohs no meu bairro escanie 4 tampinhas deu que escanie 22 tampinhas na contagem isso ta totalmente errado sacanagem como pode 4 tampinhas ser 22 pontos,5,2026-06-20 01:46:02
Zé Delivery,Boa opção.,5,2026-06-20 01:23:08
Zé Delivery,"Me surpreendi ao perceber que as cervejas vieram com gelo na sacola, para ""manter"" a temperatura. 🥰",5,2026-06-20 01:20:55
Zé Delivery,Chegou na hora determinada,5,2026-06-20 01:04:04
Zé Delivery,muito bom,5,2026-06-20 00:54:47
Zé Delivery,legal,4,2026-06-20 00:34:58
Zé Delivery,"rápido na entrega, pessoas educadas.",5,2026-06-20 00:25:54
Zé Delivery,bom,5,2026-06-20 00:22:11
Zé Delivery,ameii,5,2026-06-20 00:18:10
Zé Delivery,muito bom,5,2026-06-20 00:15:41
Zé Delivery,"não vale a pena, muito poucas distribuidoras, já tentei pedir em vários endereços pela cidade e aparece que não tem nenhuma.",2,2026-06-20 00:12:45
Zé Delivery,Top demais,5,2026-06-20 00:07:49
Zé Delivery,muito bom o app,5,2026-06-20 00:07:37
Zé Delivery,então participei da promoção comprando 12 bramas ganhava a bola. mas não ganhei,5,2026-06-20 00:06:17
Zé Delivery,Depois de esperar 40 min cancela-se os pedidos sem dar satisfação. Não pode ser um app sério.,1,2026-06-19 23:59:09
Zé Delivery,muito bom,5,2026-06-19 23:56:43
Zé Delivery,"horrível, sempre buga endereço",1,2026-06-19 23:51:30
Zé Delivery,bebidas com preços ótimos!,5,2026-06-19 23:35:01
Zé Delivery,excelente atendimento,5,2026-06-19 23:32:45
Pigz,muito bom o aplicativo,5,2026-06-20 23:23:15
Pigz,"O app é bem prático de usar. Acredito que se a gente pudesse avaliar o estabelecimento seria ótimo, pois teríamos um parâmetro de qualidade do serviço e/ou comida e fugir de estabelecimento ruim (como já aconteceu comigo).",3,2026-06-07 16:48:37
Pigz,não tem cupom,3,2026-06-07 15:47:25
Pigz,"Aplicativo é bom, com bons preços. Mas precisa colocar a opção de deixarmos avaliação sobre o restaurantes, pois é com muita frequência que as entregas chegam com 40 minutos a 1h de atraso após o horário programado da entrega.",3,2026-06-07 00:15:53
Pigz,muito bom,5,2026-05-31 00:31:52
Pigz,rápido,5,2026-05-31 00:28:33
Pigz,o app trava muito,1,2026-05-29 01:00:03
Pigz,gostei,5,2026-05-28 00:31:09
Pigz,"ultimamente tenho tido muitos atrasos, preços meio exagerados, mas o app continua sendo prático e fácil os pagamentos. Talvez por culpa dos estabelecimentos, mas falta o app cobrar as lojas.",3,2026-05-20 00:19:30
Pigz,bom,5,2026-05-15 02:18:54
Pigz,"Encontramos tudo de lanche neste app, nota 10",5,2026-05-13 03:22:11
Pigz,maravilhoso,5,2026-05-13 03:11:01
Pigz,top,5,2026-04-26 14:41:59
Pigz,último app pra trabalhar de entrega de bike aro 29,5,2026-04-14 01:12:59
Pigz,"Muito ruim, se eu quero confirmar número do telefone por whatsapp não é possível",1,2026-04-10 18:54:46
Pigz,top,5,2026-04-06 22:37:03
Pigz,eu recomendo.,5,2026-04-03 22:38:28
Pigz,rápido e eficaz,5,2026-04-01 00:59:18
Pigz,Bom,5,2026-03-31 14:50:05
Pigz,"é bom, tem uns bugs as vezes, e só 2 restaurantes pelo q vi, mas de boa",3,2026-03-21 18:30:17
Pigz,já vale só pra me livrar do iFood,4,2026-03-20 16:42:38
Pigz,Ótimo aplicativo!!,5,2026-03-19 15:13:03
Pigz,muito bom!!!!!,5,2026-03-18 14:14:17
Pigz,Ótimo aplicativo!Estou usando faz um bom tempo!Recomendo!,5,2026-03-01 17:19:55
Pigz,ótimo,5,2026-02-21 00:35:29
Pigz,Excelente,5,2026-02-13 04:12:16
Pigz,muito prático,5,2026-02-12 00:04:14
Pigz,top,5,2026-02-08 18:24:55
Pigz,ótimo serviço,5,2026-02-05 23:50:40
Pigz,"muito bom, rapidez e segurança no pagamento, e agilidade na entrega ❤️❤️",5,2026-02-05 15:35:46
Pigz,ótimo.,5,2026-01-27 00:00:35
Pigz,muito bom,4,2026-01-26 21:23:44
Pigz,top,5,2026-01-11 04:38:55
Pigz,ótimo aplicativo,5,2026-01-10 15:42:12
Pigz,e bom,5,2026-01-09 15:44:05
Pigz,Muito bom.,5,2026-01-03 01:03:58
Pigz,Bom 👍,5,2026-01-02 23:06:55
Pigz,não recomendo!!! é um app que não te oferece suporte de nada se teu pedido atrasa ou vem errado tu que tem se virar pra falar com a loja por que na Gran maioria os contatos que tem no pigz das lojas ninguém te responde enfim... só constrangimento,1,2025-12-31 20:04:36
Pigz,falta cupom de desconto. nunca está disponível?,3,2025-12-25 16:55:01
Pigz,top,5,2025-12-20 02:43:08
Pigz,top de mais 👍🫶,5,2025-12-14 01:44:03
Pigz,Dão poucos cupons de desconto.,4,2025-12-14 00:18:20
Pigz,Nao tem nenhuma aba nesse aplicativo que mostre o pedido em tempo real. Um equívoco. Pra acompanhar precisa falar direto com a loja.,1,2025-12-10 00:27:42
Pigz,"App obrigatório, muito bom!!",5,2025-12-06 01:29:51
Pigz,muito bom e rápido,4,2025-12-05 20:40:34
Pigz,top demais,5,2025-11-29 08:15:51
Pigz,muito bom,5,2025-11-27 12:22:24
Pigz,"Fiz o pedido, paguei no pix, o pedido está pendente, sem confirmação, agora to sem dinheiro e sem comida, que aplicativo de m...",1,2025-11-01 00:35:31
Pigz,bom,5,2025-10-17 20:00:11
Pigz,ótimo app,5,2025-10-06 14:18:54
Pigz,"App super seguro , aprovado!",5,2025-10-06 01:27:50
Pigz,Babado viu,5,2025-10-05 23:08:38
Pigz,top,5,2025-10-05 23:08:20
Pigz,show o melhor,5,2025-10-05 22:50:53
Pigz,"excelente, muito bom",5,2025-10-04 23:14:49
Pigz,"deveria ter a opção de cancelamento. pois por um erro no endereço, tive que ligar pra empresa consertar o endereço certo, e deveria ter opção alterar o endereço, caso esteja errado.",1,2025-10-01 00:54:16
Pigz,top de mais,5,2025-09-26 02:01:13
Pigz,"Aplicativo lento, demora muito para atender os comandos. Haja paciência. Tem que clicar várias vezes para fechar a aba de eventos ou pra clicar nos pedidos. Aplicativo é péssimo!",4,2025-08-20 23:44:48
Pigz,"o app é sensacional, parabéns. agora só falta idealizar um app para entregadores através da pigz",5,2025-06-17 00:04:35
Pigz,"trava, some , vc nao localiza o pedido, putz",3,2025-06-14 23:49:04
Pigz,"Aplicativo tem sido muito bom até então. Gostaria de deixar uma sugestão na aba ingressos. Acredito que seria interessante adicionar a opção de colocar os dados de outra pessoa quando compra mais de um ingresso. Comprei dois ingressos recentemente e não consegui colocar os dados da minha esposa, então os dois ingressos saíram no meu nome. Acredito que não dê problemas, porém já é algo para se pensar futuramente. Parabéns aos desenvolvedores, nunca tive problema no app.",4,2025-05-28 22:21:51
Pigz,muito bom,5,2025-04-15 00:58:56
Pigz,Sempre atende minhas expectativas !,5,2025-03-21 17:12:23
Pigz,Aplicativo excelente para os dias de hoje.. prático e eficiente..,5,2025-03-21 16:55:45
Pigz,"Muito bom, uso muito e recomendo.",5,2025-03-10 23:00:22
Pigz,"Ótimo aplicativo, nunca foi tão fácil pedir de forma online. Com uma diversidade de lojas atendidas.",5,2025-03-10 22:53:01
Pigz,Melhor App para pedidos delivery.,5,2025-03-10 21:40:42
Pigz,Ótimo ☺️,5,2025-03-10 20:51:40
Pigz,Aplicativo excelente!!!,5,2025-03-10 19:57:44
Pigz,"Não consigo logar na minha conta , não consigo fazer pedidos, quando tento entrar pelo número de celular ele diz que o código expirou mesmo que eu tenha acabado de receber",1,2025-03-05 14:58:21
Pigz,Deveria aceitar cartão de débito no app também,1,2025-02-27 03:49:00
Pigz,Top. Hoje é a segunda vez. Sou novato.,5,2025-02-01 15:10:30
Pigz,"Ótimo app, recomendo de mais.",5,2025-01-30 00:34:23
Pigz,"Vocês precisam melhorar a opção de entrega, onde eu moro por exemplo é difícil de encontrar no mapa, como o aplicativo só permite adicionar endereços que ele mesmo sugere, fica difícil relatar ao entregador onde é o local exato pois nunca encontro pela sugestão. Habilitem a opção de editar o endereço manualmente e também uma função de GPS no mapa.",4,2025-01-24 23:27:21
Pigz,"Dou quatro estrelas porquê o app pode melhorar. Não tem avaliação de pedido nem de estabelecimento. Outro ponto interessante é poder adicionar mais itens no pedido antes dele sair pra entrega, como uma bebida ou outro item que não comprometa o tempo de entrega. Uma ideia adicional, é ter uma taxa para quem quer que o entregador suba o prédio, evitando brigas. E cadê uma notificação informando que o pedido saiu para entrega?",4,2024-10-14 12:27:38
Pigz,Boa,5,2024-09-24 13:05:12
Pigz,Fraco,4,2024-08-22 23:47:30
Pigz,A.cpmpra mesmo com a orientação sobre o pedido mandaram só gordura assada,5,2024-07-24 23:40:47
Pigz,Podiam só pedir para os vendedores atenderem no número que colocam. Meu pedido tá atrasado e não tem lugar para reclamar. A pigz só me direciona para o número do vendedor e o mesmo sequer ler.,1,2024-05-04 17:44:52
Pigz,Legal,5,2024-05-01 19:43:09
Pigz,melhor que ifood,5,2024-04-11 06:44:23
Pigz,lixo.,1,2024-03-29 18:02:52
Pigz,Queria saber se vocês tem entregador,4,2024-02-22 20:39:49
Pigz,"É bom,as pq não tem uma opção de chat com o restaurante???? toda vez que o restaurante demora eu sou obrigado a ligar lá, mesmo as vezes estando sem crédito. 2024 e não tem como falar por chat.",2,2024-02-10 01:27:36
Pigz,Eu gosto que chega rapido,5,2024-02-08 00:30:25
Pigz,O aplicativo não permite o uso de cartão somente pix. E também não atualiza on time,2,2024-01-28 20:24:35
Pigz,"Super fácil de usar, grande variedade 👏🏻👏🏻👏🏻",5,2024-01-25 00:51:02
Pigz,Rapidez e segurança,5,2023-12-22 01:01:26
Pigz,solicito algo e depois modifica.,2,2023-12-15 14:31:40
Pigz,Fácil de usar e pode fazer pedido sem login!!! Muito ágil!,5,2023-10-30 18:19:35
Pigz,O melhor aplicativo para minha cidade.,5,2023-08-08 01:06:33
Pigz,Simplesmente show,5,2023-07-29 17:58:05
Pigz,Bem nescessário,5,2023-07-24 18:17:23
Pigz,Demorou um pouco pra aceitar o pagamento em dinheiro 💰,4,2023-07-07 21:10:58
Pigz,Prático e rápido!! Muito bom .. ainda acompanho a entrega...super gostei👍,5,2023-06-19 20:32:01
Pigz,"Melhor aplicativo de delivery. Super intuitivo, prático, rápido e o suporte realmente funciona. Parabéns 🙌🙌",5,2023-03-31 20:53:09
Pigz,"Experiência incrível, muito fácil para realizar pedidos e muito simples para entendimento",5,2023-03-27 14:46:12
Pigz,"O app e realmente excelente, fácil de usar e muito produtivo",5,2023-03-27 14:44:35
Pigz,"Estou desinstalando, o app necessita melhorar e ofertar a avaliação dos restaurantes para os clientes fazerem.",2,2023-03-08 17:02:56
Pigz,"Gostei muito do app, fazer um pedido online nunca foi tão fácil. Consigo encontrar diversas opções de doces e salgados. Enfim, se você procura um app rápido, bonito e com qualidade é só baixar o Pigz.",5,2023-01-05 13:03:15
Pigz,"Não ter a opção de cancelar é um saco, fiquei mais de 2h esperando o pedido, a loja não respondia e não tinha como cancelar.",1,2022-12-24 04:40:01
Pigz,"Conveniência 7seven tem mais o que melhorar, total descaso com o cliente. Contratam blogueiros pra anunciar, mas o serviço e atendimento deixam a desejar. E igual propaganda da prefeitura muita publicidade e pouco serviço. O app também tem que abrir um espaço pra avaliações e comentários dos restaurantes e comércios etc .... Entrega demora muito 2h e aqui não tem engarrafamento e muito menos trânsito.",2,2022-11-03 18:55:43
Pigz,Ótima opção,5,2022-10-29 00:43:42
Pigz,Excelente alternativa!,5,2022-10-23 23:10:54
Pigz,"genéteu sei que depende de mula coisas eu lomo sou lado cora. e tamble so tenho que a gradecer grol tidão postudo, AM en",5,2022-10-05 04:24:43
Pigz,App deveria disponibilizar reclamações no restaurante.pedi na pizzaria **7seven conveniência** mandaram uma coisa nada aver com meu pedido pedi o reembolso da diferença do preço e eles não me respondeu mais. Não foi a primeira vez que isso acontece no app PigZ*,1,2022-06-07 17:15:23
Pigz,O que fazer quando pedido diz que foi entregue sendo q não foi. Pessoa tem q sair d casa e ir lá na loja pedir dinheiro d volta,1,2022-05-14 22:51:29
Pigz,"Tem que ter avaliação das lojas. Tive um péssimo serviço e o local é longe. Dessa forma, provavelmente haverá imigrações para outros app para que o cliente tenha direito de saber qual tipo de loja vale a pena ou não comprar!",3,2022-05-11 01:46:02
Pigz,"Poderia ter a opção de cancelar o pedido quando ele for duplicado, já que algumas lojas não atendem chamadas.",3,2022-04-04 22:56:16
Pigz,Pagamento online como ifood não faz ? Pagamento no crédito,1,2022-03-17 14:55:03
Pigz,"Tem que colocar avaliações nas lojas, não dá de comprar algo e saber se a loja tem uma avaliação boa. Poderia ter a opção de ver onde o entregador está, em tempo real.",4,2022-02-27 18:14:41
Pigz,"Depois da penúltima atualização... No celular Redminot as empresas pararam de carregar, ficando num eterno carregamento.....",1,2022-01-23 02:20:49
Pigz,"Muito bom, recomendo",5,2022-01-06 13:37:00
Pigz,Valdir monteiro,3,2021-12-22 23:46:56
Pigz,O aplicativo é bom e intuitivo mas precisa melhorar no quesito comunicação com os clientes com a lojas e com os desenvolvedores do app quando for necessário.,3,2021-10-02 16:56:00
Pigz,Excelente App,5,2021-05-24 18:01:18
Pigz,Top. Como fazer pra cadastrar loja?,5,2021-03-22 21:47:39
Pigz,Muito bom.,5,2021-02-12 01:22:56
Pigz,Aplicativo top recomendo.,5,2021-02-12 01:21:54
Pigz,App muito bom,5,2021-02-09 16:16:51
Pigz,Preços iguais aos da loja física,5,2020-12-31 05:05:53
Pigz,O app é excelente. Super fácil de usar e não previsa de cadastro. O valor dos produtos é igualzinho ao da loja. AMEI 😍❤️,5,2020-12-30 01:11:15
Pigz,"Rápido, prático e fácil. 100% recomendado",5,2020-12-26 01:53:07
Pigz,Gostei. Baixei por causa do meu amigo/irmão mit,5,2020-12-21 20:37:42
Pigz,Cinco estrela por que é fácil e prático. Bem intuitivo.,5,2020-12-21 19:04:42
